site,bias_meV,didv_A
1,0.0,0.37652
1,0.5025125628140703,0.3756923366834171
1,1.0050251256281406,0.37713630653266333
1,1.507537688442211,0.3762911557788945
1,2.0100502512562812,0.3770693467336683
1,2.5125628140703515,0.3795636934673367
1,3.015075376884422,0.3829890201005025
1,3.517587939698492,0.38254851758793973
1,4.0201005025125625,0.38467937185929646
1,4.522613065326633,0.38747648241206034
1,5.025125628140703,0.38899155778894473
1,5.527638190954773,0.39123349246231154
1,6.030150753768844,0.39361811557788945
1,6.532663316582914,0.3952325125628141
1,7.035175879396984,0.39539065326633166
1,7.537688442211055,0.39630195979899496
1,8.040201005025125,0.3992088944723618
1,8.542713567839195,0.3985164070351759
1,9.045226130653266,0.3987817336683417
1,9.547738693467336,0.4009986934673367
1,10.050251256281406,0.40343738693467335
1,10.552763819095476,0.40532469849246233
1,11.055276381909547,0.4078091708542714
1,11.557788944723617,0.4072652261306533
1,12.060301507537687,0.40709417085427135
1,12.562814070351758,0.4113636432160804
1,13.065326633165828,0.4129850502512563
1,13.567839195979898,0.41368293969849246
1,14.070351758793969,0.417065351758794
1,14.572864321608039,0.4185452763819095
1,15.07537688442211,0.4199621105527638
1,15.57788944723618,0.4214911055276382
1,16.08040201005025,0.42168306532663313
1,16.58291457286432,0.4230536934673367
1,17.08542713567839,0.42489319095477385
1,17.587939698492463,0.4280088944723618
1,18.09045226130653,0.43076618090452257
1,18.5929648241206,0.4332535175879397
1,19.09547738693467,0.4369277889447236
1,19.597989949748744,0.44047663316582913
1,20.100502512562812,0.4455027638190955
1,20.60301507537688,0.4533531155778894
1,21.105527638190953,0.46135542713567834
1,21.608040201005025,0.4690451256281407
1,22.110552763819094,0.478609648241206
1,22.613065326633162,0.4907233417085426
1,23.115577889447234,0.5050995226130653
1,23.618090452261306,0.5177721105527638
1,24.120603015075375,0.5304523115577888
1,24.623115577889443,0.5441646984924622
1,25.125628140703515,0.5578920854271356
1,25.628140703517587,0.5710934924623116
1,26.130653266331656,0.5857072613065326
1,26.633165829145725,0.5997937437185928
1,27.135678391959797,0.6135734422110553
1,27.63819095477387,0.6271821105527637
1,28.140703517587937,0.6401218090452261
1,28.643216080402006,0.6512403266331658
1,29.145728643216078,0.6583959547738693
1,29.64824120603015,0.6649316331658292
1,30.15075376884422,0.6715321356783919
1,30.653266331658287,0.6772332914572864
1,31.15577889447236,0.6818822361809045
1,31.65829145728643,0.685642864321608
1,32.1608040201005,0.6886312060301507
1,32.66331658291457,0.6924307035175878
1,33.16582914572864,0.6953318592964823
1,33.66834170854271,0.6963307537688441
1,34.17085427135678,0.6978234170854272
1,34.67336683417085,0.6993029648241207
1,35.175879396984925,0.699669798994975
1,35.678391959798994,0.7007183417085427
1,36.18090452261306,0.7028767336683417
1,36.68341708542713,0.7041567085427136
1,37.1859296482412,0.704850175879397
1,37.688442211055275,0.704117135678392
1,38.19095477386934,0.7037409547738693
1,38.69346733668341,0.7056400753768844
1,39.19597989949749,0.7073829396984925
1,39.698492462311556,0.7079936934673368
1,40.201005025125625,0.7079183165829146
1,40.70351758793969,0.7065033417085427
1,41.20603015075376,0.706153040201005
1,41.70854271356784,0.7073750251256281
1,42.211055276381906,0.7076523115577888
1,42.713567839195974,0.7069038190954774
1,43.21608040201005,0.7067706532663316
1,43.71859296482412,0.7077208040201005
1,44.22110552763819,0.7095636180904522
1,44.723618090452256,0.7122463065326632
1,45.226130653266324,0.7146246984924622
1,45.7286432160804,0.7155743216080401
1,46.23115577889447,0.716089095477387
1,46.73366834170854,0.7170464070351759
1,47.23618090452261,0.719472487437186
1,47.73869346733668,0.722735175879397
1,48.24120603015075,0.7256495477386935
1,48.74371859296482,0.7289147989949749
1,49.24623115577889,0.7321013316582914
1,49.74874371859296,0.7355978894472361
1,50.25125628140703,0.7402863316582914
1,50.7537688442211,0.7455068592964824
1,51.256281407035175,0.750093391959799
1,51.75879396984924,0.7544915577889447
1,52.26130653266331,0.7593645226130653
1,52.76381909547738,0.7648821105527638
1,53.26633165829145,0.7713812562814069
1,53.768844221105525,0.7770316331658291
1,54.27135678391959,0.780415351758794
1,54.77386934673366,0.7834049246231155
1,55.27638190954774,0.7870923618090453
1,55.778894472361806,0.7903978643216081
1,56.281407035175874,0.7923538442211056
1,56.78391959798994,0.7949443467336683
1,57.28643216080401,0.7992605276381908
1,57.78894472361809,0.8014224623115578
1,58.291457286432156,0.8023468844221106
1,58.793969849246224,0.804009472361809
1,59.2964824120603,0.8059516834170855
1,59.79899497487437,0.8084125125628141
1,60.30150753768844,0.8107793467336684
1,60.804020100502505,0.8116970854271357
1,61.306532663316574,0.8115109045226131
1,61.80904522613065,0.8121357035175879
1,62.31155778894472,0.8117644472361809
1,62.81407035175879,0.8100094221105528
1,63.31658291457286,0.8092939949748743
1,63.81909547738693,0.8102431407035176
1,64.321608040201,0.8096300753768845
1,64.82412060301507,0.8074100502512562
1,65.32663316582914,0.8066904522613065
1,65.82914572864321,0.8058006030150754
1,66.33165829145727,0.8062485427135677
1,66.83417085427135,0.8068569849246231
1,67.33668341708542,0.805071608040201
1,67.83919597989949,0.8031201005025126
1,68.34170854271356,0.8028045226130653
1,68.84422110552764,0.802342688442211
1,69.3467336683417,0.8005104271356784
1,69.84924623115577,0.7981406030150754
1,70.35175879396985,0.7983099497487437
1,70.85427135678391,0.798617688442211
1,71.35678391959799,0.7970879396984925
1,71.85929648241205,0.7967580653266332
1,72.36180904522612,0.7976682160804021
1,72.8643216080402,0.7966670854271356
1,73.36683417085426,0.7928601507537689
1,73.86934673366834,0.7908055025125629
1,74.3718592964824,0.7914420854271356
1,74.87437185929647,0.7925511809045226
1,75.37688442211055,0.7926830904522613
1,75.87939698492461,0.7909858291457288
1,76.38190954773869,0.7893371859296483
1,76.88442211055276,0.7896512060301508
1,77.38693467336682,0.7893469849246231
1,77.8894472361809,0.7900723618090453
1,78.39195979899498,0.7904140703517588
1,78.89447236180904,0.7915366331658291
1,79.39698492462311,0.7928184924623115
1,79.89949748743717,0.7912013567839197
1,80.40201005025125,0.7881129145728644
1,80.90452261306532,0.7889595979899497
1,81.40703517587939,0.7900141708542713
1,81.90954773869346,0.7891920854271357
1,82.41206030150752,0.7900834422110552
1,82.9145728643216,0.7905770351758794
1,83.41708542713567,0.7882359296482413
1,83.91959798994974,0.7879152512562814
1,84.42211055276381,0.7898065075376884
1,84.92462311557789,0.7909015829145729
1,85.42713567839195,0.790236256281407
1,85.92964824120602,0.7897004271356785
1,86.4321608040201,0.7910438442211055
1,86.93467336683416,0.7906260301507537
1,87.43718592964824,0.79053
1,87.9396984924623,0.7912950753768844
1,88.44221105527637,0.7909622110552764
1,88.94472361809045,0.7893084422110552
1,89.44723618090451,0.7923256281407034
1,89.94974874371859,0.7940677386934674
1,90.45226130653265,0.7906426130653268
1,90.95477386934672,0.7885732412060302
1,91.4572864321608,0.7882220854271357
1,91.95979899497486,0.7895338190954774
1,92.46231155778894,0.7890212562814071
1,92.96482412060301,0.790355175879397
1,93.46733668341707,0.7888383417085427
1,93.96984924623115,0.7865261055276382
1,94.47236180904522,0.7847506281407035
1,94.97487437185929,0.786288567839196
1,95.47738693467336,0.7879742462311559
1,95.97989949748742,0.786485527638191
1,96.4824120603015,0.7862511557788945
1,96.98492462311557,0.7872342462311558
1,97.48743718592964,0.7866703266331658
1,97.98994974874371,0.782676608040201
1,98.49246231155777,0.7824226381909547
1,98.99497487437185,0.7856076381909547
1,99.49748743718592,0.7867891959798996
1,100.0,0.787145
2,0.0,0.3772
2,0.5025125628140703,0.37865959798994975
2,1.0050251256281406,0.3805739195979899
2,1.507537688442211,0.38195291457286434
2,2.0100502512562812,0.38244608040201006
2,2.5125628140703515,0.3812696984924623
2,3.015075376884422,0.3808908040201005
2,3.517587939698492,0.3816329899497487
2,4.0201005025125625,0.38367821608040203
2,4.522613065326633,0.3847638190954774
2,5.025125628140703,0.38606055276381906
2,5.527638190954773,0.38920638190954776
2,6.030150753768844,0.39122909547738693
2,6.532663316582914,0.3930301256281407
2,7.035175879396984,0.3922752512562814
2,7.537688442211055,0.39283706030150756
2,8.040201005025125,0.3948241959798995
2,8.542713567839195,0.394805175879397
2,9.045226130653266,0.3948790954773869
2,9.547738693467336,0.3968528140703518
2,10.050251256281406,0.3987372361809045
2,10.552763819095476,0.4009943216080402
2,11.055276381909547,0.4014070351758794
2,11.557788944723617,0.40188992462311557
2,12.060301507537687,0.40351484924623116
2,12.562814070351758,0.4051599497487437
2,13.065326633165828,0.40614030150753766
2,13.567839195979898,0.40749060301507534
2,14.070351758793969,0.4084514070351759
2,14.572864321608039,0.40876675879396984
2,15.07537688442211,0.41087856783919596
2,15.57788944723618,0.41320113065326636
2,16.08040201005025,0.416223040201005
2,16.58291457286432,0.41651374371859295
2,17.08542713567839,0.418219472361809
2,17.587939698492463,0.4207873115577889
2,18.09045226130653,0.42287394472361806
2,18.5929648241206,0.42505148241206026
2,19.09547738693467,0.4271996231155779
2,19.597989949748744,0.4291472613065327
2,20.100502512562812,0.43285379396984924
2,20.60301507537688,0.44007115577889444
2,21.105527638190953,0.44814743718592964
2,21.608040201005025,0.4536421859296482
2,22.110552763819094,0.460916256281407
2,22.613065326633162,0.46974829145728636
2,23.115577889447234,0.4781328140703517
2,23.618090452261306,0.48581429648241203
2,24.120603015075375,0.4953143969849246
2,24.623115577889443,0.5071935427135678
2,25.125628140703515,0.5197148994974874
2,25.628140703517587,0.5304140954773868
2,26.130653266331656,0.5403334924623115
2,26.633165829145725,0.5504094723618089
2,27.135678391959797,0.5616233417085427
2,27.63819095477387,0.5709688190954774
2,28.140703517587937,0.5780148492462311
2,28.643216080402006,0.585045728643216
2,29.145728643216078,0.5922640201005025
2,29.64824120603015,0.5995643216080402
2,30.15075376884422,0.6050070351758794
2,30.653266331658287,0.6089707537688442
2,31.15577889447236,0.6141835175879398
2,31.65829145728643,0.6182528140703518
2,32.1608040201005,0.6202234673366834
2,32.66331658291457,0.6224702010050251
2,33.16582914572864,0.625778391959799
2,33.66834170854271,0.6278189698492462
2,34.17085427135678,0.6299928391959799
2,34.67336683417085,0.6322913065326633
2,35.175879396984925,0.63503
2,35.678391959798994,0.637323567839196
2,36.18090452261306,0.6385977386934674
2,36.68341708542713,0.639860904522613
2,37.1859296482412,0.6403828643216081
2,37.688442211055275,0.6416730653266332
2,38.19095477386934,0.643716783919598
2,38.69346733668341,0.6456900753768844
2,39.19597989949749,0.6475113316582914
2,39.698492462311556,0.6484580653266332
2,40.201005025125625,0.650296256281407
2,40.70351758793969,0.6525723115577889
2,41.20603015075376,0.6539993969849247
2,41.70854271356784,0.6552077386934674
2,42.211055276381906,0.6572407035175879
2,42.713567839195974,0.6592576633165829
2,43.21608040201005,0.6618540452261306
2,43.71859296482412,0.6659801256281407
2,44.22110552763819,0.6684659547738694
2,44.723618090452256,0.6697084924623116
2,45.226130653266324,0.6721132663316582
2,45.7286432160804,0.675175351758794
2,46.23115577889447,0.6777463065326633
2,46.73366834170854,0.6804634924623115
2,47.23618090452261,0.6831053517587939
2,47.73869346733668,0.6860915326633166
2,48.24120603015075,0.6889253015075376
2,48.74371859296482,0.6921427889447236
2,49.24623115577889,0.6965935427135678
2,49.74874371859296,0.7010266582914573
2,50.25125628140703,0.7065894723618089
2,50.7537688442211,0.7132870603015075
2,51.256281407035175,0.7189007286432161
2,51.75879396984924,0.7241697738693467
2,52.26130653266331,0.729509673366834
2,52.76381909547738,0.7352045226130652
2,53.26633165829145,0.7413114572864321
2,53.768844221105525,0.7477223618090452
2,54.27135678391959,0.7537728140703517
2,54.77386934673366,0.7593427135678392
2,55.27638190954774,0.7651974874371859
2,55.778894472361806,0.7703211055276381
2,56.281407035175874,0.775077487437186
2,56.78391959798994,0.7790378894472361
2,57.28643216080401,0.7816703015075377
2,57.78894472361809,0.7841558542713567
2,58.291457286432156,0.7883190703517587
2,58.793969849246224,0.7920392211055276
2,59.2964824120603,0.792579472361809
2,59.79899497487437,0.7921631407035177
2,60.30150753768844,0.7945892713567839
2,60.804020100502505,0.7984547487437186
2,61.306532663316574,0.8020139447236181
2,61.80904522613065,0.8041207035175879
2,62.31155778894472,0.8044566834170854
2,62.81407035175879,0.805192864321608
2,63.31658291457286,0.807348391959799
2,63.81909547738693,0.8092786683417085
2,64.321608040201,0.8090113316582914
2,64.82412060301507,0.809396231155779
2,65.32663316582914,0.8105261306532663
2,65.82914572864321,0.8109574120603015
2,66.33165829145727,0.8117810301507538
2,66.83417085427135,0.8137973869346733
2,67.33668341708542,0.8151454271356784
2,67.83919597989949,0.8158746984924623
2,68.34170854271356,0.8158660552763819
2,68.84422110552764,0.8151920351758793
2,69.3467336683417,0.8165091708542713
2,69.84924623115577,0.8180047738693468
2,70.35175879396985,0.8198871859296483
2,70.85427135678391,0.8211620603015075
2,71.35678391959799,0.8234001507537688
2,71.85929648241205,0.825804648241206
2,72.36180904522612,0.8270356030150754
2,72.8643216080402,0.8258186432160803
2,73.36683417085426,0.8255661306532663
2,73.86934673366834,0.8262609547738693
2,74.3718592964824,0.828243768844221
2,74.87437185929647,0.8290084924623116
2,75.37688442211055,0.8316190452261306
2,75.87939698492461,0.8361161809045226
2,76.38190954773869,0.8382806030150753
2,76.88442211055276,0.8389475125628141
2,77.38693467336682,0.8405369597989949
2,77.8894472361809,0.8455421105527637
2,78.39195979899498,0.8510888442211055
2,78.89447236180904,0.8527609798994975
2,79.39698492462311,0.851795351758794
2,79.89949748743717,0.8555049748743717
2,80.40201005025125,0.8589904020100502
2,80.90452261306532,0.8615892964824121
2,81.40703517587939,0.8650517085427134
2,81.90954773869346,0.8678728391959799
2,82.41206030150752,0.8695193718592964
2,82.9145728643216,0.871822135678392
2,83.41708542713567,0.8747975628140703
2,83.91959798994974,0.8761316080402008
2,84.42211055276381,0.877374824120603
2,84.92462311557789,0.8776047236180904
2,85.42713567839195,0.8756793467336683
2,85.92964824120602,0.875921432160804
2,86.4321608040201,0.8773028391959798
2,86.93467336683416,0.8777527638190954
2,87.43718592964824,0.8790272361809045
2,87.9396984924623,0.8798865326633165
2,88.44221105527637,0.8791707537688442
2,88.94472361809045,0.8771304522613066
2,89.44723618090451,0.8780304522613065
2,89.94974874371859,0.8780885427135678
2,90.45226130653265,0.8777769849246231
2,90.95477386934672,0.8740067587939699
2,91.4572864321608,0.8727981658291457
2,91.95979899497486,0.8721452512562814
2,92.46231155778894,0.8712720854271356
2,92.96482412060301,0.8697733417085427
2,93.46733668341707,0.8651832412060303
2,93.96984924623115,0.8661151005025125
2,94.47236180904522,0.87005891959799
2,94.97487437185929,0.8715339195979899
2,95.47738693467336,0.8707454773869348
2,95.97989949748742,0.8694572613065327
2,96.4824120603015,0.8665780653266332
2,96.98492462311557,0.8661452512562815
2,97.48743718592964,0.8672609798994975
2,97.98994974874371,0.8662513065326634
2,98.49246231155777,0.8630634673366835
2,98.99497487437185,0.8621487939698493
2,99.49748743718592,0.8586277386934673
2,100.0,0.851745
3,0.0,0.43443
3,0.5025125628140703,0.4348214572864322
3,1.0050251256281406,0.43610316582914577
3,1.507537688442211,0.4364572864321608
3,2.0100502512562812,0.43927698492462314
3,2.5125628140703515,0.44203339195979896
3,3.015075376884422,0.441174648241206
3,3.517587939698492,0.440624824120603
3,4.0201005025125625,0.44362361809045225
3,4.522613065326633,0.4466356030150754
3,5.025125628140703,0.4479408793969849
3,5.527638190954773,0.4485974874371859
3,6.030150753768844,0.45168341708542714
3,6.532663316582914,0.4551976633165829
3,7.035175879396984,0.45565761306532665
3,7.537688442211055,0.4558004522613065
3,8.040201005025125,0.4588239698492462
3,8.542713567839195,0.45968238693467334
3,9.045226130653266,0.4598312814070352
3,9.547738693467336,0.4601697236180904
3,10.050251256281406,0.46226369346733664
3,10.552763819095476,0.46629816582914574
3,11.055276381909547,0.4673454522613065
3,11.557788944723617,0.4684331407035176
3,12.060301507537687,0.4686478140703517
3,12.562814070351758,0.4683249497487437
3,13.065326633165828,0.47039153266331657
3,13.567839195979898,0.47345263819095473
3,14.070351758793969,0.47626178391959795
3,14.572864321608039,0.4769771859296482
3,15.07537688442211,0.4773329648241206
3,15.57788944723618,0.4794067587939699
3,16.08040201005025,0.48034304020100504
3,16.58291457286432,0.4815881407035176
3,17.08542713567839,0.4833930150753769
3,17.587939698492463,0.4834499246231156
3,18.09045226130653,0.4855764572864322
3,18.5929648241206,0.4896592211055276
3,19.09547738693467,0.4924235929648242
3,19.597989949748744,0.49557268844221103
3,20.100502512562812,0.49926917085427136
3,20.60301507537688,0.5033411306532662
3,21.105527638190953,0.5072427386934674
3,21.608040201005025,0.512179623115578
3,22.110552763819094,0.5177850502512562
3,22.613065326633162,0.5225555276381909
3,23.115577889447234,0.527264472361809
3,23.618090452261306,0.5344405527638191
3,24.120603015075375,0.5427056783919598
3,24.623115577889443,0.5489606030150753
3,25.125628140703515,0.5565259296482412
3,25.628140703517587,0.5661876381909547
3,26.130653266331656,0.5753523618090453
3,26.633165829145725,0.5837192713567838
3,27.135678391959797,0.5911046984924623
3,27.63819095477387,0.5972102261306533
3,28.140703517587937,0.6057895226130653
3,28.643216080402006,0.6138477386934673
3,29.145728643216078,0.6198407537688442
3,29.64824120603015,0.6262374874371859
3,30.15075376884422,0.6329741708542713
3,30.653266331658287,0.6396826633165829
3,31.15577889447236,0.6444055778894472
3,31.65829145728643,0.6484130904522614
3,32.1608040201005,0.6518227386934673
3,32.66331658291457,0.6546918341708543
3,33.16582914572864,0.658142688442211
3,33.66834170854271,0.6603107788944723
3,34.17085427135678,0.6629123869346734
3,34.67336683417085,0.667266432160804
3,35.175879396984925,0.6709696984924624
3,35.678391959798994,0.6722037939698492
3,36.18090452261306,0.6715173618090452
3,36.68341708542713,0.6715657537688442
3,37.1859296482412,0.6734974120603014
3,37.688442211055275,0.6751513065326633
3,38.19095477386934,0.6761305025125628
3,38.69346733668341,0.6786039698492463
3,39.19597989949749,0.6790859798994975
3,39.698492462311556,0.6778628140703518
3,40.201005025125625,0.6790316582914573
3,40.70351758793969,0.6805677386934673
3,41.20603015075376,0.6827631658291456
3,41.70854271356784,0.6856385929648241
3,42.211055276381906,0.6867003015075377
3,42.713567839195974,0.6870956532663317
3,43.21608040201005,0.6880337939698492
3,43.71859296482412,0.6901737437185929
3,44.22110552763819,0.6928997738693468
3,44.723618090452256,0.69465
3,45.226130653266324,0.6960638190954773
3,45.7286432160804,0.6982372110552764
3,46.23115577889447,0.7002915829145728
3,46.73366834170854,0.7018283417085427
3,47.23618090452261,0.7039691457286432
3,47.73869346733668,0.7068685175879397
3,48.24120603015075,0.7091189698492462
3,48.74371859296482,0.7120151005025126
3,49.24623115577889,0.7151438944723618
3,49.74874371859296,0.7187339949748743
3,50.25125628140703,0.7237088693467336
3,50.7537688442211,0.7274800753768844
3,51.256281407035175,0.7322943467336683
3,51.75879396984924,0.7378534924623115
3,52.26130653266331,0.7418283668341707
3,52.76381909547738,0.7465008542713567
3,53.26633165829145,0.7507947236180904
3,53.768844221105525,0.7532522613065327
3,54.27135678391959,0.757315175879397
3,54.77386934673366,0.7617502763819095
3,55.27638190954774,0.7645550502512563
3,55.778894472361806,0.7684764572864321
3,56.281407035175874,0.7724925376884422
3,56.78391959798994,0.7746847236180905
3,57.28643216080401,0.7766977386934673
3,57.78894472361809,0.7802648241206029
3,58.291457286432156,0.7833412060301508
3,58.793969849246224,0.7860111557788945
3,59.2964824120603,0.7882157788944724
3,59.79899497487437,0.7884942462311558
3,60.30150753768844,0.7888148492462311
3,60.804020100502505,0.7894818592964824
3,61.306532663316574,0.7903321105527638
3,61.80904522613065,0.7914515326633166
3,62.31155778894472,0.7944958542713567
3,62.81407035175879,0.7958457286432161
3,63.31658291457286,0.7936268844221106
3,63.81909547738693,0.7912329648241206
3,64.321608040201,0.791865728643216
3,64.82412060301507,0.7915268844221106
3,65.32663316582914,0.791756783919598
3,65.82914572864321,0.7925470603015075
3,66.33165829145727,0.7910700753768845
3,66.83417085427135,0.789981055276382
3,67.33668341708542,0.7911562311557789
3,67.83919597989949,0.7935623869346733
3,68.34170854271356,0.7949961557788945
3,68.84422110552764,0.7957691206030151
3,69.3467336683417,0.7959221859296483
3,69.84924623115577,0.7951181658291457
3,70.35175879396985,0.7943241959798995
3,70.85427135678391,0.7932868341708543
3,71.35678391959799,0.7920444723618091
3,71.85929648241205,0.793089849246231
3,72.36180904522612,0.796161809045226
3,72.8643216080402,0.7990231155778895
3,73.36683417085426,0.7977967839195981
3,73.86934673366834,0.7961901005025126
3,74.3718592964824,0.7974169346733668
3,74.87437185929647,0.7991068090452261
3,75.37688442211055,0.8000565577889447
3,75.87939698492461,0.8018220854271356
3,76.38190954773869,0.8045324371859296
3,76.88442211055276,0.8053995226130652
3,77.38693467336682,0.8050525879396985
3,77.8894472361809,0.8056866331658291
3,78.39195979899498,0.8078206030150754
3,78.89447236180904,0.8109574623115577
3,79.39698492462311,0.8131039949748744
3,79.89949748743717,0.817606809045226
3,80.40201005025125,0.8214429899497487
3,80.90452261306532,0.8204705025125628
3,81.40703517587939,0.820218391959799
3,81.90954773869346,0.8218062814070352
3,82.41206030150752,0.8257225628140702
3,82.9145728643216,0.8287817336683416
3,83.41708542713567,0.829605351758794
3,83.91959798994974,0.8303631407035175
3,84.42211055276381,0.8303345979899497
3,84.92462311557789,0.8293920603015075
3,85.42713567839195,0.8295289949748743
3,85.92964824120602,0.8314790452261307
3,86.4321608040201,0.8322048743718593
3,86.93467336683416,0.8312485175879397
3,87.43718592964824,0.8305485175879397
3,87.9396984924623,0.8280076884422112
3,88.44221105527637,0.8277274874371858
3,88.94472361809045,0.8275037437185929
3,89.44723618090451,0.8270635427135679
3,89.94974874371859,0.8259041206030151
3,90.45226130653265,0.8239573869346735
3,90.95477386934672,0.8211000251256282
3,91.4572864321608,0.8199981658291458
3,91.95979899497486,0.8197406783919597
3,92.46231155778894,0.8201179648241206
3,92.96482412060301,0.8220325376884423
3,93.46733668341707,0.8213992211055277
3,93.96984924623115,0.8180983417085428
3,94.47236180904522,0.8137710050251257
3,94.97487437185929,0.8150923366834171
3,95.47738693467336,0.8160486180904523
3,95.97989949748742,0.8134649497487438
3,96.4824120603015,0.8132199246231155
3,96.98492462311557,0.8145000502512563
3,97.48743718592964,0.8122441708542714
3,97.98994974874371,0.8083339949748745
3,98.49246231155777,0.8037637437185932
3,98.99497487437185,0.8042642211055275
3,99.49748743718592,0.8035784924623116
3,100.0,0.80225
4,0.0,0.30429
4,0.5025125628140703,0.30471886934673365
4,1.0050251256281406,0.3044981155778894
4,1.507537688442211,0.3048390703517588
4,2.0100502512562812,0.3070517336683417
4,2.5125628140703515,0.3064183165829145
4,3.015075376884422,0.30693711055276385
4,3.517587939698492,0.30701256281407036
4,4.0201005025125625,0.3072499497487437
4,4.522613065326633,0.30803645728643214
4,5.025125628140703,0.309693743718593
4,5.527638190954773,0.31251273869346735
4,6.030150753768844,0.31277253768844215
4,6.532663316582914,0.31490404522613064
4,7.035175879396984,0.31702128140703517
4,7.537688442211055,0.31775444723618096
4,8.040201005025125,0.31783886934673367
4,8.542713567839195,0.32042979899497487
4,9.045226130653266,0.3220939698492462
4,9.547738693467336,0.32321231155778896
4,10.050251256281406,0.3231625628140703
4,10.552763819095476,0.32509032663316584
4,11.055276381909547,0.32536414572864325
4,11.557788944723617,0.32588160804020105
4,12.060301507537687,0.3265262311557789
4,12.562814070351758,0.32932396984924617
4,13.065326633165828,0.33238633165829146
4,13.567839195979898,0.33365849246231155
4,14.070351758793969,0.33608974874371855
4,14.572864321608039,0.33971045226130653
4,15.07537688442211,0.3420649748743719
4,15.57788944723618,0.34329633165829143
4,16.08040201005025,0.34771884422110555
4,16.58291457286432,0.3513902261306533
4,17.08542713567839,0.35363399497487435
4,17.587939698492463,0.3585651507537688
4,18.09045226130653,0.3644707788944723
4,18.5929648241206,0.37120974874371854
4,19.09547738693467,0.3787734673366834
4,19.597989949748744,0.38828613065326634
4,20.100502512562812,0.3994730653266331
4,20.60301507537688,0.4132561306532662
4,21.105527638190953,0.42643422110552753
4,21.608040201005025,0.44227650753768843
4,22.110552763819094,0.46130535175879395
4,22.613065326633162,0.481176457286432
4,23.115577889447234,0.5023667085427135
4,23.618090452261306,0.5263580402010051
4,24.120603015075375,0.5517522110552762
4,24.623115577889443,0.5751561557788942
4,25.125628140703515,0.5959438442211055
4,25.628140703517587,0.6159577135678391
4,26.130653266331656,0.6350628391959798
4,26.633165829145725,0.6518572864321607
4,27.135678391959797,0.6666520603015075
4,27.63819095477387,0.6772716582914573
4,28.140703517587937,0.6866690452261306
4,28.643216080402006,0.6953998743718592
4,29.145728643216078,0.7007430904522614
4,29.64824120603015,0.7047206532663317
4,30.15075376884422,0.7079905025125628
4,30.653266331658287,0.7103415829145728
4,31.15577889447236,0.71121108040201
4,31.65829145728643,0.7103777386934673
4,32.1608040201005,0.7102708040201005
4,32.66331658291457,0.7108244472361809
4,33.16582914572864,0.7101602261306532
4,33.66834170854271,0.7105380402010051
4,34.17085427135678,0.7098817587939699
4,34.67336683417085,0.7089922613065327
4,35.175879396984925,0.7079241708542714
4,35.678391959798994,0.7072571356783919
4,36.18090452261306,0.7068991457286433
4,36.68341708542713,0.7053480904522613
4,37.1859296482412,0.7031064824120603
4,37.688442211055275,0.7022233165829146
4,38.19095477386934,0.7025281407035175
4,38.69346733668341,0.7030819095477387
4,39.19597989949749,0.7047821608040201
4,39.698492462311556,0.7056925879396985
4,40.201005025125625,0.7058493718592964
4,40.70351758793969,0.7042049497487437
4,41.20603015075376,0.7022327386934674
4,41.70854271356784,0.7016715075376885
4,42.211055276381906,0.7009582412060301
4,42.713567839195974,0.7009534673366834
4,43.21608040201005,0.7027921105527638
4,43.71859296482412,0.7049415326633166
4,44.22110552763819,0.7065992211055276
4,44.723618090452256,0.7073933668341709
4,45.226130653266324,0.7088885929648241
4,45.7286432160804,0.7109417336683417
4,46.23115577889447,0.7113423366834171
4,46.73366834170854,0.7121301507537688
4,47.23618090452261,0.7149774371859297
4,47.73869346733668,0.7186087185929648
4,48.24120603015075,0.7233019849246232
4,48.74371859296482,0.728192688442211
4,49.24623115577889,0.7331994723618089
4,49.74874371859296,0.7393618592964823
4,50.25125628140703,0.7450452763819095
4,50.7537688442211,0.7493412311557788
4,51.256281407035175,0.754158567839196
4,51.75879396984924,0.7619727386934673
4,52.26130653266331,0.7698549497487437
4,52.76381909547738,0.775853944723618
4,53.26633165829145,0.7822908793969847
4,53.768844221105525,0.7891975628140704
4,54.27135678391959,0.7960070100502512
4,54.77386934673366,0.8012989195979899
4,55.27638190954774,0.8049443969849246
4,55.778894472361806,0.8078650502512563
4,56.281407035175874,0.8116877638190954
4,56.78391959798994,0.8151691708542712
4,57.28643216080401,0.8177731909547739
4,57.78894472361809,0.8210645226130653
4,58.291457286432156,0.8230601005025125
4,58.793969849246224,0.8240864070351759
4,59.2964824120603,0.8247984673366835
4,59.79899497487437,0.8237460301507538
4,60.30150753768844,0.8204133668341709
4,60.804020100502505,0.8187712814070351
4,61.306532663316574,0.8196770100502513
4,61.80904522613065,0.8208179145728642
4,62.31155778894472,0.8200876633165829
4,62.81407035175879,0.8177968341708544
4,63.31658291457286,0.8150539698492463
4,63.81909547738693,0.812461432160804
4,64.321608040201,0.8091693718592965
4,64.82412060301507,0.8073488190954774
4,65.32663316582914,0.8070196733668342
4,65.82914572864321,0.8065735678391961
4,66.33165829145727,0.8041445226130655
4,66.83417085427135,0.8020843216080402
4,67.33668341708542,0.8015930653266332
4,67.83919597989949,0.8000671859296482
4,68.34170854271356,0.8005835678391959
4,68.84422110552764,0.8003460804020102
4,69.3467336683417,0.797119447236181
4,69.84924623115577,0.7954847989949749
4,70.35175879396985,0.7947129396984924
4,70.85427135678391,0.7925879899497488
4,71.35678391959799,0.7909708542713568
4,71.85929648241205,0.7919809547738692
4,72.36180904522612,0.7900750251256281
4,72.8643216080402,0.7873962562814071
4,73.36683417085426,0.7867193216080401
4,73.86934673366834,0.7873711306532662
4,74.3718592964824,0.7853924371859298
4,74.87437185929647,0.7840085427135679
4,75.37688442211055,0.7842861809045225
4,75.87939698492461,0.7840997487437187
4,76.38190954773869,0.7838105025125628
4,76.88442211055276,0.782086608040201
4,77.38693467336682,0.7809039949748744
4,77.8894472361809,0.7810827638190956
4,78.39195979899498,0.7779798492462311
4,78.89447236180904,0.7732567839195981
4,79.39698492462311,0.7755924623115578
4,79.89949748743717,0.7807036683417085
4,80.40201005025125,0.780459447236181
4,80.90452261306532,0.7781335678391961
4,81.40703517587939,0.7785921105527638
4,81.90954773869346,0.7791735929648241
4,82.41206030150752,0.7793538944723618
4,82.9145728643216,0.7799595477386934
4,83.41708542713567,0.7820236180904523
4,83.91959798994974,0.7805134170854271
4,84.42211055276381,0.7767266834170855
4,84.92462311557789,0.774829623115578
4,85.42713567839195,0.7755831407035175
4,85.92964824120602,0.7748133668341709
4,86.4321608040201,0.7763108542713568
4,86.93467336683416,0.7775784422110553
4,87.43718592964824,0.7751462311557789
4,87.9396984924623,0.7743045226130654
4,88.44221105527637,0.7759292462311558
4,88.94472361809045,0.7759320854271357
4,89.44723618090451,0.7763567085427135
4,89.94974874371859,0.7728434924623115
4,90.45226130653265,0.7706088190954774
4,90.95477386934672,0.7722204522613065
4,91.4572864321608,0.7725554773869348
4,91.95979899497486,0.7716871859296484
4,92.46231155778894,0.7732327135678392
4,92.96482412060301,0.7769673869346734
4,93.46733668341707,0.7738891959798996
4,93.96984924623115,0.770243894472362
4,94.47236180904522,0.7668129396984924
4,94.97487437185929,0.7630112060301508
4,95.47738693467336,0.7607720100502513
4,95.97989949748742,0.7571093467336685
4,96.4824120603015,0.755363216080402
4,96.98492462311557,0.7593395728643215
4,97.48743718592964,0.7641102763819094
4,97.98994974874371,0.759982135678392
4,98.49246231155777,0.759008567839196
4,98.99497487437185,0.7617767587939698
4,99.49748743718592,0.7585315326633166
4,100.0,0.75604
